<?xml version="1.0" encoding="UTF-8"?>
<!DOCTYPE mapper PUBLIC "-//mybatis.org//DTD Mapper 3.0//EN" "http://mybatis.org/dtd/mybatis-3-mapper.dtd">
<mapper namespace="board.mapper">

<update id="comment_update">
   update board_comment set content = #{content} where id = #{id}
</update>


<delete id="comment_delete">
   delete from board_comment where id = #{id}
</delete>

<select id="comment_list" resultType="board.BoardCommentVO">
   select c.*, (select name from member where member.id=c.writer) name  
   from board_comment c where pid = #{pid}
   order by id desc
</select>


<insert id="comment_insert">
   insert into board_comment(content, writer, pid)
   values (#{content}, #{writer}, #{pid})
</insert>

<update id="board_update">
   update board set title = #{title}, content = #{content}
         , filename = #{filename, jdbcType=VARCHAR}
         , filepath = #{filepath, jdbcType=VARCHAR}
   where id = #{id}
</update>

<insert id="insert">
   insert into board (title, content, writer, filename, filepath)
   values (#{title}, #{content}, #{writer}
         , #{filename, jdbcType=VARCHAR}, #{filepath, jdbcType=VARCHAR})
</insert>


<sql id="where_search">
   <if test=" search=='title' or search=='content' ">
      where ${search} like '%' || #{keyword} || '%'
   </if>
   <if test=" search=='writer' ">
      where <include refid="search_writer"/> 
   </if>
   
   <if test=" search=='all' ">
      where title like '%' || #{keyword} || '%'
      or content like '%' || #{keyword} || '%'
      or <include refid="search_writer"/> 
      <!-- writer in (select id from member where name like '%' || #{keyword} || '%') -->
   </if>
</sql>


<sql id="search_writer">
   writer in (select id from member where name like '%' || #{keyword} || '%')
</sql>



<select id="detail" resultType="board.BoardVO">
   select board.*, (select name from member where member.id= board.writer) name 
   from board where id = #{id}
</select>

<update id="update">
   update board set readcnt = readcnt+1 where id = #{id}
</update>

<delete id="delete">
   delete from board where id = #{id}
</delete>

<select id="totalList" resultType="integer">
   select count(*) from board <include refid="where_search"/>
</select>


<select id="list" resultType="board.BoardVO">
   select * 
   from (select rownum no, b.*, (select name from member where member.id=b.writer) name
        from (select * from board <include refid="where_search"/>
               order by id) b        
        order by no desc) b
   where no between #{beginList} and #{endList}
</select>


<!-- Test -->
<select id="mc_totalList" resultType="integer">
   select count(*) from board
   where writer = #{id}
</select>
<select id="mc_list" resultType="board.BoardVO">
   select * 
   from (select rownum no, b.*, (select name from member where member.id=b.writer) name
        from (select * from board where writer = #{id}
               order by id) b        
        order by no desc) b
   where no between #{b_page.beginList} and #{b_page.endList}   
</select>


<!-- 메인화면에서 사용할 리스트 쿼리 -->
<select id="main_list" resultType="board.BoardVO">
   select *
   from (select* from board order by writedate desc)
   where rownum <![CDATA[ <= ]]> 5
</select>




<!-- ===========================안드로이드=========================== -->
<select id="commuList" resultType="board.BoardVO">
   select To_Char(writedate, 'yyyy-mm-dd') writedate , board.* 
   from board
</select>






</mapper>




