<?xml version="1.0" encoding="UTF-8"?>
<!DOCTYPE mapper PUBLIC "-//mybatis.org//DTD Mapper 3.0//EN" "http://mybatis.org/dtd/mybatis-3-mapper.dtd">
<mapper namespace="member.mapper">

<insert id="join">
	insert into member(name, id, pw, gender, email, birth, tel, post, addr)
	values (#{name}, #{id}, #{pw}, #{gender}, #{email}, #{birth}, #{tel}, #{post}, #{addr})
</insert>



<insert id="s_join">
	insert into member(name, id, pw, gender, email, birth, tel, post, addr, admin)
	values (#{name}, #{id}, #{pw}, #{gender}, #{email}, #{birth}, #{tel}, #{post}, #{addr},'S')
</insert>

<select id="id_check" resultType="integer">
	select count(*) from member where id = #{id}
</select>

<update id="member_update">
	update member set pw = #{pw}, birth = #{birth}, email= #{email}, tel= #{tel}, addr= #{addr}
	where id = #{id}
</update>

<update id="social_update">
	update member set name = #{name}, gender = #{gender}
	where ${social_type} = #{social_email}
</update>

<insert id="social_insert">
	insert into member (id, name, gender, ${social_type})
	values (#{id}, #{name}, #{gender}, #{social_email})
</insert>

<select id="social_email" resultType="integer">
	select count(*) from member where ${social_type} = #{social_email}
</select>

<select id="detail" resultType="member.MemberVO">
	select m.*, case when  naver is not null then naver 
					 when kakao is not null then kakao else null end  social_email   
	from member m where id = #{id}
</select>

<select id="login" resultType="member.MemberVO">
	select m.*, case when  naver is not null then naver 
					 when kakao is not null then kakao else null end  social_email   
	from member m where id = #{id} and pw = #{pw}
</select>

<delete id="delete">
	delete 
	from member 
	where id = #{id}
</delete>





<!-- ====================안드로이드 ============================= -->
<insert id="And_insert">
   insert into member(name, id, pw, gender, email, tel, post, addr)
   values (#{name}, #{id}, #{pw}, #{gender}, #{email}, #{tel}, #{post}, #{addr})
</insert>

<select id="And_idCheck" resultType="Integer">
   select count(*) from member where id = #{id}
</select>

<select id="And_login" resultType="Integer">
	select count(*) 
	from member 
	where id = #{id} 
	and pw = #{pw}
</select>








</mapper>