[
   {
      "telno":24009995,
      "yadmNm":"김민주헤어아트",
      "addr":"광주광역시 북구 일곡마을로 10",
      "Xpos":126.8997359,
      "Ypos":35.20692434
   },
   {
      "telno":24026410,
      "yadmNm":"미용실",
      "addr":"광주광역시 서구 금부로 95",
      "Xpos":126.859467,
      "Ypos":35.1398675
   },
   {
      "telno":24044762,
      "yadmNm":"오디컬미용실",
      "addr":"광주광역시 북구 설죽로370번길 16",
      "Xpos":126.9005163,
      "Ypos":35.19302311
   },
   {
      "telno":24134964,
      "yadmNm":"김현미미용실",
      "addr":"광주광역시 북구 양일로 75",
      "Xpos":126.8732268,
      "Ypos":35.19800928
   },
   {
      "telno":24176439,
      "yadmNm":"다다헤어클럽",
      "addr":"광주광역시 동구 무등로333번길 14-1",
      "Xpos":126.9194725,
      "Ypos":35.16287106
   },
   {
      "telno":24147218,
      "yadmNm":"기분전환헤어샵",
      "addr":"광주광역시 남구 서문대로749번길 17",
      "Xpos":126.8957126,
      "Ypos":35.12600631
   },
   {
      "telno":23500234,
      "yadmNm":"정인용헤어컬렉션",
      "addr":"광주광역시 북구 일곡마을로 245",
      "Xpos":126.8999175,
      "Ypos":35.21055856
   },
   {
      "telno":23909701,
      "yadmNm":"펌앤컬러미용실",
      "addr":"광주광역시 서구 풍금로4번길 3",
      "Xpos":126.8664372,
      "Ypos":35.1207153
   },
   {
      "telno":22853225,
      "yadmNm":"김희정헤어갤러리",
      "addr":"광주광역시 북구 문산로62번길 11",
      "Xpos":126.9255514,
      "Ypos":35.18638827
   },
   {
      "telno":23027810,
      "yadmNm":"한은희헤어갤러리",
      "addr":"광주광역시 서구 운천로56번길 17",
      "Xpos":126.8609954,
      "Ypos":35.13807009
   },
   {
      "telno":22978494,
      "yadmNm":"미즈혜어",
      "addr":"광주광역시 광산구 목련로273번길 89",
      "Xpos":126.8246174,
      "Ypos":35.17790623
   },
   {
      "telno":25582604,
      "yadmNm":"hstyle",
      "addr":"광주광역시 광산구 신창로35번길 19",
      "Xpos":126.835874,
      "Ypos":35.18842585
   },
   {
      "telno":24559427,
      "yadmNm":"헤어갤러리",
      "addr":"광주광역시 서구 운천로 20",
      "Xpos":126.8595326,
      "Ypos":35.13437867
   },
   {
      "telno":24491397,
      "yadmNm":"알파미용실",
      "addr":"광주광역시 서구 운천로184번길 10",
      "Xpos":126.8575402,
      "Ypos":35.14897137
   },
   {
      "telno":25326316,
      "yadmNm":"소우헤어스튜디오",
      "addr":"광주광역시 남구 봉선2로 101",
      "Xpos":126.9175555,
      "Ypos":35.12611322
   },
   {
      "telno":26365485,
      "yadmNm":"이플헤어모드",
      "addr":"광주광역시 남구 광복마을길 49",
      "Xpos":126.8973327,
      "Ypos":35.12220817
   },
   {
      "telno":23059657,
      "yadmNm":"앙포레",
      "addr":"광주광역시 북구 서하로94번길 9",
      "Xpos":126.8908891,
      "Ypos":35.18636424
   },
   {
      "telno":21390999,
      "yadmNm":"태후사랑.천연염색",
      "addr":"광주광역시 광산구 내상로33번길 42",
      "Xpos":126.7992768,
      "Ypos":35.13924096
   },
   {
      "telno":26467928,
      "yadmNm":"파마나라",
      "addr":"광주광역시 광산구 목련로21번길 20",
      "Xpos":126.8003328,
      "Ypos":35.17569412
   },
   {
      "telno":24437282,
      "yadmNm":"김숙희미용실",
      "addr":"광주광역시 광산구 풍영로145번길 42",
      "Xpos":126.8112158,
      "Ypos":35.18523882
   },
   {
      "telno":23944571,
      "yadmNm":"헤어샵모디컴",
      "addr":"광주광역시 광산구 풍영로170번길 39-9",
      "Xpos":126.8147411,
      "Ypos":35.18744568
   },
   {
      "telno":25966738,
      "yadmNm":"에뜨르헤어클럽",
      "addr":"광주광역시 광산구 상무대로 176",
      "Xpos":126.7904594,
      "Ypos":35.13519622
   },
   {
      "telno":24281929,
      "yadmNm":"모델헤어샵",
      "addr":"광주광역시 북구 신임로 30",
      "Xpos":126.8987387,
      "Ypos":35.16607357
   },
   {
      "telno":24054218,
      "yadmNm":"진성미용실",
      "addr":"광주광역시 동구 남문로693번길 11",
      "Xpos":126.9282927,
      "Ypos":35.12976014
   },
   {
      "telno":23301027,
      "yadmNm":"미&남",
      "addr":"광주광역시 서구 운천로56번길 17",
      "Xpos":126.8609954,
      "Ypos":35.13807009
   },
   {
      "telno":24507254,
      "yadmNm":"미녀와야수미용실",
      "addr":"광주광역시 남구 중앙로 105-1",
      "Xpos":126.9088313,
      "Ypos":35.14516253
   },
   {
      "telno":20853311,
      "yadmNm":"꼬뱅헤어",
      "addr":"광주광역시 서구 동천로18번길 2-1",
      "Xpos":126.8607373,
      "Ypos":35.16996766
   },
   {
      "telno":20799775,
      "yadmNm":"옐로우헤어클럽",
      "addr":"광주광역시 서구 금화로73번길 6-57",
      "Xpos":126.8577628,
      "Ypos":35.13303696
   },
   {
      "telno":24766835,
      "yadmNm":"대주헤어갤러리",
      "addr":"광주광역시 서구 상무화원로32번길 25-6",
      "Xpos":126.845848,
      "Ypos":35.14616542
   },
   {
      "telno":23572375,
      "yadmNm":"다올헤어샵",
      "addr":"광주광역시 남구 효우2로26번길 26",
      "Xpos":126.8877742,
      "Ypos":35.10222708
   },
   {
      "telno":25279679,
      "yadmNm":"정아살롱",
      "addr":"광주광역시 서구 내방로 244",
      "Xpos":126.8673297,
      "Ypos":35.1576625
   },
   {
      "telno":23504374,
      "yadmNm":"김효진헤어카페",
      "addr":"광주광역시 서구 상무민주로6번길 9",
      "Xpos":126.8593062,
      "Ypos":35.15139471
   },
   {
      "telno":25591255,
      "yadmNm":"헤어퀸",
      "addr":"광주광역시 북구 북문대로8번길 4",
      "Xpos":126.8844421,
      "Ypos":35.1736496
   },
   {
      "telno":23629545,
      "yadmNm":"중흥미용실",
      "addr":"광주광역시 남구 노대실로 33",
      "Xpos":126.907947,
      "Ypos":35.10618732
   },
   {
      "telno":24674387,
      "yadmNm":"보그미용실",
      "addr":"광주광역시 서구 운천로92번길 10",
      "Xpos":126.8597943,
      "Ypos":35.14078999
   },
   {
      "telno":24419687,
      "yadmNm":"사랑해어",
      "addr":"광주광역시 동구 구성로 216",
      "Xpos":126.9158535,
      "Ypos":35.15435665
   },
   {
      "telno":23303770,
      "yadmNm":"수헤어",
      "addr":"광주광역시 남구 봉선로 131",
      "Xpos":126.9099311,
      "Ypos":35.12357507
   },
   {
      "telno":23152589,
      "yadmNm":"서광",
      "addr":"광주광역시 광산구 사암로 345",
      "Xpos":126.8084082,
      "Ypos":35.17525103
   },
   {
      "telno":26281213,
      "yadmNm":"아뜨레헤어",
      "addr":"광주광역시 동구 의재로 59",
      "Xpos":126.9341509,
      "Ypos":35.13235373
   },
   {
      "telno":23255335,
      "yadmNm":"한스헤어",
      "addr":"광주광역시 광산구 송도로320번길 16-16",
      "Xpos":126.8028862,
      "Ypos":35.14004285
   },
   {
      "telno":25871669,
      "yadmNm":"류경희미용실",
      "addr":"광주광역시 서구 화개중앙로 25-1",
      "Xpos":126.8584693,
      "Ypos":35.12329961
   },
   {
      "telno":26003384,
      "yadmNm":"FEEL헤어샵",
      "addr":"광주광역시 광산구 첨단중앙로181번길 88-22",
      "Xpos":126.8323615,
      "Ypos":35.22133726
   },
   {
      "telno":22699873,
      "yadmNm":"미인애가",
      "addr":"광주광역시 북구 설죽로 545-1",
      "Xpos":126.8971907,
      "Ypos":35.20835241
   },
   {
      "telno":23044914,
      "yadmNm":"동림이발관",
      "addr":"광주광역시 북구 대자실로 22",
      "Xpos":126.8741583,
      "Ypos":35.17904388
   },
   {
      "telno":22969277,
      "yadmNm":"스타일",
      "addr":"광주광역시 서구 화개1로24번길 10",
      "Xpos":126.856886,
      "Ypos":35.12589872
   },
   {
      "telno":22950828,
      "yadmNm":"동광이용원",
      "addr":"광주광역시 광산구 장신로265번길 22",
      "Xpos":126.8400296,
      "Ypos":35.19269319
   },
   {
      "telno":15491443,
      "yadmNm":"가위손미용실",
      "addr":"광주광역시 광산구 월곡로 29",
      "Xpos":126.8124735,
      "Ypos":35.16897231
   },
   {
      "telno":22590202,
      "yadmNm":"딸기머리",
      "addr":"광주광역시 광산구 신창로 3",
      "Xpos":126.8368257,
      "Ypos":35.18558665
   },
   {
      "telno":24910953,
      "yadmNm":"미샵",
      "addr":"광주광역시 광산구 신창로161번길 19",
      "Xpos":126.8390074,
      "Ypos":35.19893894
   },
   {
      "telno":22589275,
      "yadmNm":"미즈헤어샵",
      "addr":"광주광역시 남구 대남대로 279-2",
      "Xpos":126.8964149,
      "Ypos":35.13737925
   },
   {
      "telno":25809114,
      "yadmNm":"비서실이발소",
      "addr":"광주광역시 북구 북문대로 251",
      "Xpos":126.8647698,
      "Ypos":35.18706867
   },
   {
      "telno":16099585,
      "yadmNm":"힐링헤어샵",
      "addr":"광주광역시 북구 삼정로3번길 55",
      "Xpos":126.9341222,
      "Ypos":35.165696
   },
   {
      "telno":25077844,
      "yadmNm":"헤어더홍",
      "addr":"광주광역시 남구 백운로 29-1",
      "Xpos":126.9080263,
      "Ypos":35.13641178
   },
   {
      "telno":23083540,
      "yadmNm":"레드헤어쿨",
      "addr":"광주광역시 서구 풍암순환로 110",
      "Xpos":126.8832744,
      "Ypos":35.12092568
   },
   {
      "telno":16132040,
      "yadmNm":"태후사랑",
      "addr":"광주광역시 광산구 남동길 10-2",
      "Xpos":126.7895916,
      "Ypos":35.12858945
   },
   {
      "telno":23009390,
      "yadmNm":"모아",
      "addr":"광주광역시 동구 제봉로 35-2",
      "Xpos":126.920816,
      "Ypos":35.14176345
   },
   {
      "telno":16151326,
      "yadmNm":"헤어12.5",
      "addr":"광주광역시 남구 화산로17번길 15",
      "Xpos":126.8987136,
      "Ypos":35.11335101
   },
   {
      "telno":16148059,
      "yadmNm":"오땡큐",
      "addr":"광주광역시 광산구 첨단중앙로116번길 10",
      "Xpos":126.8433057,
      "Ypos":35.2156465
   },
   {
      "telno":23152814,
      "yadmNm":"제나의헤어카페",
      "addr":"광주광역시 광산구 신창로71번길 17",
      "Xpos":126.8355239,
      "Ypos":35.19141506
   },
   {
      "telno":22640762,
      "yadmNm":"효덕",
      "addr":"광주광역시 서구 내방로 349",
      "Xpos":126.8786012,
      "Ypos":35.15770425
   },
   {
      "telno":16179198,
      "yadmNm":"헤나J#",
      "addr":"광주광역시 광산구 송도로 155",
      "Xpos":126.7924181,
      "Ypos":35.12887004
   },
   {
      "telno":23322847,
      "yadmNm":"헤어바이반룬하우트",
      "addr":"광주광역시 서구 죽봉대로119번길 16",
      "Xpos":126.8820392,
      "Ypos":35.1647398
   },
   {
      "telno":16096188,
      "yadmNm":"로얄브로",
      "addr":"광주광역시 광산구 장덕로137번길 39",
      "Xpos":126.8229622,
      "Ypos":35.19828828
   },
   {
      "telno":16129803,
      "yadmNm":"커틸다",
      "addr":"광주광역시 서구 광천2길 14",
      "Xpos":126.8806447,
      "Ypos":35.16477199
   },
   {
      "telno":23079794,
      "yadmNm":"헤어플러스",
      "addr":"광주광역시 광산구 첨단중앙로181번길 88-16",
      "Xpos":126.8319761,
      "Ypos":35.21987332
   },
   {
      "telno":20834431,
      "yadmNm":"CA헤어샵",
      "addr":"광주광역시 북구 천지인로115번길 3",
      "Xpos":126.9113294,
      "Ypos":35.18417005
   },
   {
      "telno":24550438,
      "yadmNm":"피그테일진해",
      "addr":"광주광역시 남구 대남대로181번길 16",
      "Xpos":126.905265,
      "Ypos":35.13202413
   },
   {
      "telno":23252020,
      "yadmNm":"나미헤어",
      "addr":"광주광역시 북구 양산택지로51번길 2-1",
      "Xpos":126.8800437,
      "Ypos":35.21098027
   },
   {
      "telno":28485880,
      "yadmNm":"탑클레스헤어",
      "addr":"광주광역시 광산구 월곡산정로 87-1",
      "Xpos":126.8117911,
      "Ypos":35.16608121
   },
   {
      "telno":23768769,
      "yadmNm":"도도헤어",
      "addr":"광주광역시 광산구 비아로45번길 16",
      "Xpos":126.8198756,
      "Ypos":35.22035989
   },
   {
      "telno":25812460,
      "yadmNm":"세리박미용실",
      "addr":"광주광역시 광산구 사암로340번길 31",
      "Xpos":126.8106697,
      "Ypos":35.17524622
   },
   {
      "telno":16132509,
      "yadmNm":"빨간코끼리",
      "addr":"광주광역시 북구 월동로 86",
      "Xpos":126.9379135,
      "Ypos":35.17887156
   },
   {
      "telno":22753299,
      "yadmNm":"스타미용실",
      "addr":"광주광역시 북구 서방로39번길 12",
      "Xpos":126.9177414,
      "Ypos":35.17340186
   },
   {
      "telno":16151162,
      "yadmNm":"젬마헤어스튜디오",
      "addr":"광주광역시 서구 유림로98번길 51",
      "Xpos":126.8695817,
      "Ypos":35.17100599
   },
   {
      "telno":22999405,
      "yadmNm":"까치",
      "addr":"광주광역시 남구 효덕로 226",
      "Xpos":126.8978335,
      "Ypos":35.10376118
   },
   {
      "telno":16151155,
      "yadmNm":"더이룸하우스",
      "addr":"광주광역시 광산구 월계로 203",
      "Xpos":126.8478233,
      "Ypos":35.21385078
   },
   {
      "telno":16132475,
      "yadmNm":"무지개미용실",
      "addr":"광주광역시 동구 필문대로 267",
      "Xpos":126.928184,
      "Ypos":35.14726424
   },
   {
      "telno":16217035,
      "yadmNm":"헤어붐",
      "addr":"광주광역시 서구 풍암순환로188번길 7-1",
      "Xpos":126.8825232,
      "Ypos":35.12773327
   },
   {
      "telno":16106944,
      "yadmNm":"2room",
      "addr":"광주광역시 북구 자동차로 65-7",
      "Xpos":126.9013953,
      "Ypos":35.16524138
   },
   {
      "telno":25381015,
      "yadmNm":"까르마",
      "addr":"광주광역시 남구 회서로22번길 2",
      "Xpos":126.8935319,
      "Ypos":35.13067366
   },
   {
      "telno":16166591,
      "yadmNm":"뷰티박스",
      "addr":"광주광역시 동구 남문로 552",
      "Xpos":126.9337227,
      "Ypos":35.12058675
   },
   {
      "telno":16178967,
      "yadmNm":"헤어컷",
      "addr":"광주광역시 서구 상일로14번길 14-19",
      "Xpos":126.8647531,
      "Ypos":35.15588969
   },
   {
      "telno":16178956,
      "yadmNm":"깍꼬뽁꼬",
      "addr":"광주광역시 북구 면앙로31번길 10",
      "Xpos":126.9177194,
      "Ypos":35.18002686
   },
   {
      "telno":16154557,
      "yadmNm":"스타일을탐하다",
      "addr":"광주광역시 동구 필문대로159번길 15-4",
      "Xpos":126.9339371,
      "Ypos":35.15716721
   },
   {
      "telno":16130144,
      "yadmNm":"올멋",
      "addr":"광주광역시 광산구 신창로 129",
      "Xpos":126.8384327,
      "Ypos":35.19687829
   },
   {
      "telno":20761464,
      "yadmNm":"노블레스",
      "addr":"광주광역시 동구 동계천로 71",
      "Xpos":126.919436,
      "Ypos":35.1531808
   },
   {
      "telno":16098792,
      "yadmNm":"MODA헤어",
      "addr":"광주광역시 북구 용주로30번길 56",
      "Xpos":126.9038139,
      "Ypos":35.18050573
   },
   {
      "telno":16098835,
      "yadmNm":"COCO샤넬",
      "addr":"광주광역시 서구 죽봉대로22번길 15",
      "Xpos":126.8852144,
      "Ypos":35.15567407
   },
   {
      "telno":11591206,
      "yadmNm":"이발플러스",
      "addr":"광주광역시 광산구 임방울대로332번길 19",
      "Xpos":126.8250727,
      "Ypos":35.18975473
   },
   {
      "telno":16204852,
      "yadmNm":"이샵",
      "addr":"광주광역시 남구 중앙로 16",
      "Xpos":126.9003905,
      "Ypos":35.14447328
   },
   {
      "telno":24613651,
      "yadmNm":"이정례헤어명작",
      "addr":"광주광역시 광산구 하남산단8번로 33",
      "Xpos":126.8009672,
      "Ypos":35.21098011
   },
   {
      "telno":20857890,
      "yadmNm":"귀빈헤어샵",
      "addr":"광주광역시 남구 유안초등북길 21",
      "Xpos":126.9143646,
      "Ypos":35.12845534
   },
   {
      "telno":25413909,
      "yadmNm":"송연헤어샵",
      "addr":"광주광역시 광산구 임방울대로 154-11",
      "Xpos":126.8188285,
      "Ypos":35.17510071
   },
   {
      "telno":16163859,
      "yadmNm":"진주헤어샵",
      "addr":"광주광역시 서구 염화로104번길 32",
      "Xpos":126.8770317,
      "Ypos":35.1401307
   },
   {
      "telno":16143261,
      "yadmNm":"리썸",
      "addr":"광주광역시 광산구 첨단중앙로181번길 88-22",
      "Xpos":126.8323615,
      "Ypos":35.22133726
   },
   {
      "telno":16163511,
      "yadmNm":"말콤",
      "addr":"광주광역시 동구 남문로 728",
      "Xpos":126.9269579,
      "Ypos":35.13532796
   },
   {
      "telno":16143208,
      "yadmNm":"바이주",
      "addr":"광주광역시 광산구 신가삼효로 14-2",
      "Xpos":126.8341393,
      "Ypos":35.18611065
   },
   {
      "telno":23917567,
      "yadmNm":"압구정헤어클럽",
      "addr":"광주광역시 광산구 사암로 251",
      "Xpos":126.8082602,
      "Ypos":35.16733549
   },
   {
      "telno":25289339,
      "yadmNm":"우리미용실",
      "addr":"광주광역시 서구 상무화원로12번길 6",
      "Xpos":126.8422435,
      "Ypos":35.14419306
   },
   {
      "telno":16163499,
      "yadmNm":"유명미용실",
      "addr":"광주광역시 북구 우치로100번길 3-2",
      "Xpos":126.9127907,
      "Ypos":35.17667463
   },
   {
      "telno":20747415,
      "yadmNm":"미랑펌헤어",
      "addr":"광주광역시 북구 우치로 60",
      "Xpos":126.9125811,
      "Ypos":35.17262552
   },
   {
      "telno":16167987,
      "yadmNm":"엔젤헤어",
      "addr":"광주광역시 서구 죽봉대로 153",
      "Xpos":126.8831149,
      "Ypos":35.1671474
   },
   {
      "telno":16167959,
      "yadmNm":"봄",
      "addr":"광주광역시 광산구 광산로 31-3",
      "Xpos":126.7952312,
      "Ypos":35.13900251
   },
   {
      "telno":16167953,
      "yadmNm":"리치헤어",
      "addr":"광주광역시 남구 서문대로663번길 19",
      "Xpos":126.8967028,
      "Ypos":35.11847968
   },
   {
      "telno":16167951,
      "yadmNm":"도블헤어",
      "addr":"광주광역시 북구 군왕로51번길 130",
      "Xpos":126.9265759,
      "Ypos":35.16943323
   },
   {
      "telno":16224668,
      "yadmNm":"엄윤성#",
      "addr":"광주광역시 동구 충장로22번길 10",
      "Xpos":126.91054,
      "Ypos":35.15117215
   },
   {
      "telno":16167918,
      "yadmNm":"에이치헤어아티스트",
      "addr":"광주광역시 서구 화운로100번길 25-1",
      "Xpos":126.8819311,
      "Ypos":35.1501724
   },
   {
      "telno":23092244,
      "yadmNm":"스타헤어샵",
      "addr":"광주광역시 북구 문산로 7",
      "Xpos":126.9205654,
      "Ypos":35.18316204
   },
   {
      "telno":20871357,
      "yadmNm":"혜원",
      "addr":"광주광역시 서구 풍암중앙로 68",
      "Xpos":126.8822215,
      "Ypos":35.12572039
   },
   {
      "telno":16174320,
      "yadmNm":"미쁘다",
      "addr":"광주광역시 광산구 선운중앙로 56",
      "Xpos":126.7780251,
      "Ypos":35.14783497
   },
   {
      "telno":16163472,
      "yadmNm":"제이헤어",
      "addr":"광주광역시 광산구 신창로 107",
      "Xpos":126.8377779,
      "Ypos":35.19505123
   },
   {
      "telno":16167839,
      "yadmNm":"제이아트메이크업",
      "addr":"광주광역시 서구 월드컵4강로 112",
      "Xpos":126.8726402,
      "Ypos":35.14665202
   },
   {
      "telno":22975598,
      "yadmNm":"에이스헤어스토리",
      "addr":"광주광역시 서구 동천로18번길 8",
      "Xpos":126.8611985,
      "Ypos":35.16996298
   },
   {
      "telno":16221447,
      "yadmNm":"헤어#",
      "addr":"광주광역시 북구 문산로 86-1",
      "Xpos":126.9259593,
      "Ypos":35.18877155
   },
   {
      "telno":16146911,
      "yadmNm":"김현정미용실",
      "addr":"광주광역시 북구 상촌로 27-1",
      "Xpos":126.8777347,
      "Ypos":35.21196844
   },
   {
      "telno":25889764,
      "yadmNm":"박미용실",
      "addr":"광주광역시 서구 화운로 63",
      "Xpos":126.8818495,
      "Ypos":35.14570977
   },
   {
      "telno":16179029,
      "yadmNm":"준헤어",
      "addr":"광주광역시 북구 하서로 477",
      "Xpos":126.8772665,
      "Ypos":35.21725518
   },
   {
      "telno":16173386,
      "yadmNm":"이해영헤어숍",
      "addr":"광주광역시 서구 치평로 35",
      "Xpos":126.8446567,
      "Ypos":35.1512559
   },
   {
      "telno":15515452,
      "yadmNm":"그레이스미용실",
      "addr":"광주광역시 북구 첨단연신로133번길 7",
      "Xpos":126.8639416,
      "Ypos":35.20790979
   },
   {
      "telno":16098780,
      "yadmNm":"늘헤어",
      "addr":"광주광역시 서구 화운로 24",
      "Xpos":126.8865573,
      "Ypos":35.14249911
   },
   {
      "telno":16221363,
      "yadmNm":"gday",
      "addr":"광주광역시 서구 운천로56번길 19",
      "Xpos":126.8612756,
      "Ypos":35.13843327
   },
   {
      "telno":16173234,
      "yadmNm":"브러싱헤어",
      "addr":"광주광역시 광산구 내상로15번길 16",
      "Xpos":126.7966493,
      "Ypos":35.1403236
   },
   {
      "telno":24011029,
      "yadmNm":"지오헤어",
      "addr":"광주광역시 광산구 월곡로 19",
      "Xpos":126.8112979,
      "Ypos":35.1690419
   },
   {
      "telno":15489478,
      "yadmNm":"가세가세미용실",
      "addr":"광주광역시 광산구 사암로171번길 54",
      "Xpos":126.8048539,
      "Ypos":35.16007289
   },
   {
      "telno":23064513,
      "yadmNm":"상도",
      "addr":"광주광역시 남구 효우로 332-11",
      "Xpos":126.8810957,
      "Ypos":35.1005341
   },
   {
      "telno":16211491,
      "yadmNm":"시드니헤어",
      "addr":"광주광역시 광산구 비아로45번길 20",
      "Xpos":126.8197845,
      "Ypos":35.22058434
   },
   {
      "telno":23415444,
      "yadmNm":"좋은날",
      "addr":"광주광역시 광산구 수등로258번길 3",
      "Xpos":126.8373088,
      "Ypos":35.1848161
   },
   {
      "telno":16096218,
      "yadmNm":"다모아미용실",
      "addr":"광주광역시 남구 봉선로 115",
      "Xpos":126.9081384,
      "Ypos":35.12473074
   },
   {
      "telno":24394025,
      "yadmNm":"클래식",
      "addr":"광주광역시 남구 원효천1길 5",
      "Xpos":126.8821812,
      "Ypos":35.1053846
   },
   {
      "telno":27349475,
      "yadmNm":"선화미용실",
      "addr":"광주광역시 북구 양산택지로33번길 22",
      "Xpos":126.8771932,
      "Ypos":35.20981814
   },
   {
      "telno":16225879,
      "yadmNm":"중흥헤어샵",
      "addr":"광주광역시 남구 수박등로 27",
      "Xpos":126.8953466,
      "Ypos":35.1425435
   },
   {
      "telno":16225842,
      "yadmNm":"이보희메이크업",
      "addr":"광주광역시 서구 화정로309번길 2",
      "Xpos":126.8897632,
      "Ypos":35.15046075
   },
   {
      "telno":16224620,
      "yadmNm":"유신",
      "addr":"광주광역시 남구 광복마을4길 11",
      "Xpos":126.8965657,
      "Ypos":35.12050657
   },
   {
      "telno":16224664,
      "yadmNm":"살롱드마잘",
      "addr":"광주광역시 북구 동문대로134번길 16",
      "Xpos":126.9275207,
      "Ypos":35.17439023
   },
   {
      "telno":16179266,
      "yadmNm":"미헤어",
      "addr":"광주광역시 남구 포충로 586",
      "Xpos":126.833691,
      "Ypos":35.08057222
   },
   {
      "telno":16148133,
      "yadmNm":"송담헤어",
      "addr":"광주광역시 북구 평교로 26",
      "Xpos":126.9251589,
      "Ypos":35.1795072
   },
   {
      "telno":15560039,
      "yadmNm":"꼬꼬닥미용실",
      "addr":"광주광역시 북구 양산로 15",
      "Xpos":126.8761655,
      "Ypos":35.21107053
   },
   {
      "telno":23349277,
      "yadmNm":"김해수헤어",
      "addr":"광주광역시 서구 염화로 118-1",
      "Xpos":126.8774778,
      "Ypos":35.14280294
   },
   {
      "telno":16156173,
      "yadmNm":"소유헤어",
      "addr":"광주광역시 북구 용주로30번길 69",
      "Xpos":126.9041037,
      "Ypos":35.1809951
   },
   {
      "telno":16156171,
      "yadmNm":"이룸플러스헤어",
      "addr":"광주광역시 남구 봉선1로 74-2",
      "Xpos":126.9131552,
      "Ypos":35.12781353
   },
   {
      "telno":25413328,
      "yadmNm":"꾸밈",
      "addr":"광주광역시 북구 호동로73번길 40",
      "Xpos":126.9157368,
      "Ypos":35.17803509
   },
   {
      "telno":23332215,
      "yadmNm":"노사미용실",
      "addr":"광주광역시 광산구 산월로 25-5",
      "Xpos":126.8398614,
      "Ypos":35.20915069
   },
   {
      "telno":16154963,
      "yadmNm":"미니헤어",
      "addr":"광주광역시 서구 운천로92번길 8",
      "Xpos":126.8595312,
      "Ypos":35.14076949
   },
   {
      "telno":16115514,
      "yadmNm":"디아망헤어살롱",
      "addr":"광주광역시 광산구 비아중앙로 29-2",
      "Xpos":126.8246567,
      "Ypos":35.22167733
   },
   {
      "telno":22998683,
      "yadmNm":"까까머리",
      "addr":"광주광역시 남구 백운로66번길 23",
      "Xpos":126.9069674,
      "Ypos":35.14010696
   },
   {
      "telno":23117403,
      "yadmNm":"해민헤어샵",
      "addr":"광주광역시 북구 설죽로 620",
      "Xpos":126.8982617,
      "Ypos":35.21442845
   },
   {
      "telno":16154898,
      "yadmNm":"연헤어",
      "addr":"광주광역시 서구 화정로254번길 3",
      "Xpos":126.8848768,
      "Ypos":35.14743228
   },
   {
      "telno":25436404,
      "yadmNm":"헤어코코",
      "addr":"광주광역시 북구 서암대로 199",
      "Xpos":126.9054771,
      "Ypos":35.16863149
   },
   {
      "telno":23063290,
      "yadmNm":"삼화",
      "addr":"광주광역시 서구 내방로440번길 22-2",
      "Xpos":126.8881983,
      "Ypos":35.15900057
   },
   {
      "telno":16120794,
      "yadmNm":"신성헤어샵",
      "addr":"광주광역시 광산구 월곡산정로 96-21",
      "Xpos":126.813144,
      "Ypos":35.16438185
   },
   {
      "telno":20812325,
      "yadmNm":"몽이미용실",
      "addr":"광주광역시 남구 용대로 166",
      "Xpos":126.9183022,
      "Ypos":35.1310415
   },
   {
      "telno":23737681,
      "yadmNm":"동양사우나이용원",
      "addr":"광주광역시 서구 화운로193번길 25",
      "Xpos":126.8731849,
      "Ypos":35.15490477
   },
   {
      "telno":23374001,
      "yadmNm":"여희미용실",
      "addr":"광주광역시 동구 필문대로287번길 15-29",
      "Xpos":126.9291203,
      "Ypos":35.14616381
   },
   {
      "telno":16204706,
      "yadmNm":"무지개갤러리",
      "addr":"광주광역시 북구 우치로231번길 50",
      "Xpos":126.9027106,
      "Ypos":35.18499365
   },
   {
      "telno":16204633,
      "yadmNm":"서산이용원",
      "addr":"광주광역시 북구 동문대로 79",
      "Xpos":126.9224883,
      "Ypos":35.17139802
   },
   {
      "telno":16489435,
      "yadmNm":"1980헤어",
      "addr":"광주광역시 광산구 풍영로101번길 1",
      "Xpos":126.8117397,
      "Ypos":35.18092637
   },
   {
      "telno":16204600,
      "yadmNm":"태후사랑",
      "addr":"광주광역시 서구 상무오월로15번길 28-2",
      "Xpos":126.8613348,
      "Ypos":35.15782263
   },
   {
      "telno":16492392,
      "yadmNm":"미니샵",
      "addr":"광주광역시 북구 군왕로117번길 43",
      "Xpos":126.9303393,
      "Ypos":35.17208956
   },
   {
      "telno":16492387,
      "yadmNm":"미담",
      "addr":"광주광역시 광산구 송도로 282",
      "Xpos":126.7999274,
      "Ypos":35.13827392
   },
   {
      "telno":23452212,
      "yadmNm":"빨간코끼리",
      "addr":"광주광역시 북구 서방로 27",
      "Xpos":126.9159759,
      "Ypos":35.17325086
   },
   {
      "telno":16103709,
      "yadmNm":"에이원샵",
      "addr":"광주광역시 서구 상무대로 1162",
      "Xpos":126.8899165,
      "Ypos":35.15371616
   },
   {
      "telno":26735885,
      "yadmNm":"노벨미용실",
      "addr":"광주광역시 서구 금부로95번길 3",
      "Xpos":126.8592018,
      "Ypos":35.14000021
   },
   {
      "telno":21423703,
      "yadmNm":"태후사랑",
      "addr":"광주광역시 북구 일곡마을로 21",
      "Xpos":126.8988624,
      "Ypos":35.20573559
   }
]